{
  "current-scene": "a39394dc-ddaa-4dc0-8403-63eb15f87596",
  "gizmos-infos": {
    "iconGizmoSize": 2,
    "isGridVisible": true,
    "isIconGizmo3D": false
  },
  "camera-infos": {
    "99981bcc-54e3-4a89-8c9a-f55a66d972e8": {
      "position": {
        "x": 0,
        "y": 0,
        "z": 5
      },
      "rotation": {
        "w": 1,
        "x": 0,
        "y": 0,
        "z": 0
      },
      "viewCenter": {
        "x": 0,
        "y": 0,
        "z": 0
      }
    },
    "a39394dc-ddaa-4dc0-8403-63eb15f87596": {
      "position": {
        "x": 2.112367352168436,
        "y": 10.98664058251633,
        "z": 4.0747954964374
      },
      "rotation": {
        "w": 0.9344602919339322,
        "x": -0.35211957622358936,
        "y": 0.04888032923245202,
        "z": 0.018410594301350145
      },
      "viewCenter": {
        "x": 1.2251770770113029,
        "y": 3.518123017978196,
        "z": -4.381711654554275
      }
    },
    "f46876e4-e81b-4931-b493-6d367be385e7": {
      "position": {
        "x": 50,
        "y": 50,
        "z": 50
      },
      "rotation": {
        "w": 0.8804762392171493,
        "x": -0.27984814233312133,
        "y": 0.3647051996310009,
        "z": 0.11591689595929514
      },
      "viewCenter": {
        "x": 0,
        "y": 0,
        "z": 0
      }
    }
  },
  "camera-uuids": [
    "f46876e4-e81b-4931-b493-6d367be385e7",
    "99981bcc-54e3-4a89-8c9a-f55a66d972e8",
    "a39394dc-ddaa-4dc0-8403-63eb15f87596"
  ]
}
